iter	Logloss
0	0.6851606341
1	0.6787632313
2	0.6735567134
3	0.6690491594
4	0.6655202957
5	0.6622925301
6	0.6596658045
7	0.6573641913
8	0.6553604663
9	0.6535850049
10	0.6520633452
11	0.6507988828
12	0.6496885637
13	0.6487132123
14	0.6478685585
